{"items": {"166": "glow_stick", "256": "iron_shovel", "257": "iron_pickaxe", "258": "iron_axe", "259": "flint_and_steel", "260": "apple", "261": "bow", "262": "arrow", "263": "coal", "264": "diamond", "265": "iron_ingot", "266": "gold_ingot", "267": "iron_sword", "268": "wooden_sword", "269": "wooden_shovel", "270": "wooden_pickaxe", "271": "wooden_axe", "272": "stone_sword", "273": "stone_shovel", "274": "stone_pickaxe", "275": "stone_axe", "276": "diamond_sword", "277": "diamond_shovel", "278": "diamond_pickaxe", "279": "diamond_axe", "280": "stick", "281": "bowl", "282": "mushroom_stew", "283": "golden_sword", "284": "golden_shovel", "285": "golden_pickaxe", "286": "golden_axe", "287": "string", "288": "feather", "289": "gunpowder", "290": "wooden_hoe", "291": "stone_hoe", "292": "iron_hoe", "293": "diamond_hoe", "294": "golden_hoe", "295": "wheat_seeds", "296": "wheat", "297": "bread", "298": "leather_helmet", "299": "leather_chestplate", "300": "leather_leggings", "301": "leather_boots", "302": "chainmail_helmet", "303": "chainmail_chestplate", "304": "chainmail_leggings", "305": "chainmail_boots", "306": "iron_helmet", "307": "iron_chestplate", "308": "iron_leggings", "309": "iron_boots", "310": "diamond_helmet", "311": "diamond_chestplate", "312": "diamond_leggings", "313": "diamond_boots", "314": "golden_helmet", "315": "golden_chestplate", "316": "golden_leggings", "317": "golden_boots", "318": "flint", "319": "porkchop", "320": "cooked_porkchop", "321": "painting", "322": "golden_apple", "323": "sign", "324": "wooden_door", "325": "bucket", "328": "minecart", "329": "saddle", "330": "iron_door", "331": "redstone", "332": "snowball", "333": "boat", "334": "leather", "335": "kelp", "336": "brick", "337": "clay_ball", "338": "reeds", "339": "paper", "340": "book", "341": "slime_ball", "342": "chest_minecart", "343": "minecartFurnace", "344": "egg", "345": "compass", "346": "fishing_rod", "347": "clock", "348": "glowstone_dust", "349": "fish", "350": "cooked_fish", "351": "dye", "352": "bone", "353": "sugar", "354": "cake", "355": "bed", "356": "repeater", "357": "cookie", "358": "map", "359": "shears", "360": "melon", "361": "pumpkin_seeds", "362": "melon_seeds", "363": "beef", "364": "cooked_beef", "365": "chicken", "366": "cooked_chicken", "367": "rotten_flesh", "368": "ender_pearl", "369": "blaze_rod", "370": "ghast_tear", "371": "gold_nugget", "372": "nether_wart", "373": "potion", "374": "glass_bottle", "375": "spider_eye", "376": "fermented_spider_eye", "377": "blaze_powder", "378": "magma_cream", "379": "brewing_stand", "380": "cauldron", "381": "ender_eye", "382": "speckled_melon", "383": "spawn_egg", "384": "experience_bottle", "385": "fireball", "386": "writable_book", "387": "written_book", "388": "emerald", "389": "frame", "390": "flower_pot", "391": "carrot", "392": "potato", "393": "baked_potato", "394": "poisonous_potato", "395": "emptyMap", "396": "golden_carrot", "397": "skull", "398": "carrotOnAStick", "399": "netherStar", "400": "pumpkin_pie", "401": "fireworks", "402": "fireworksCharge", "403": "enchanted_book", "404": "comparator", "405": "netherbrick", "406": "quartz", "407": "tnt_minecart", "408": "hopper_minecart", "409": "prismarine_shard", "410": "hopper", "411": "rabbit", "412": "cooked_rabbit", "413": "rabbit_stew", "414": "rabbit_foot", "415": "rabbit_hide", "416": "horsearmorleather", "417": "horsearmoriron", "418": "horsearmorgold", "419": "horsearmordiamond", "420": "lead", "421": "name_tag;nametag", "422": "prismarine_crystals", "423": "muttonRaw", "424": "muttonCooked", "425": "armor_stand", "426": "end_crystal", "427": "spruce_door", "428": "birch_door", "429": "jungle_door", "430": "acacia_door", "431": "dark_oak_door", "432": "chorus_fruit", "433": "chorus_fruit_popped", "437": "dragon_breath", "438": "splash_potion", "441": "lingering_potion", "442": "sparkler", "443": "command_block_minecart", "444": "elytra", "445": "shulker_shell", "446": "banner", "447": "medicine", "448": "balloon", "449": "rapid_fertilizer", "450": "totem", "451": "bleach", "452": "iron_nugget", "453": "ice_bomb", "454": "board", "455": "trident", "456": "portfolio", "457": "beetroot", "458": "beetroot_seeds", "459": "beetroot_soup", "460": "salmon", "461": "clownfish", "462": "pufferfish", "463": "cooked_salmon", "464": "dried_kelp", "465": "nautilus_shell", "466": "appleEnchanted", "467": "heart_of_the_sea", "468": "turtle_shell_piece", "469": "turtle_helmet", "470": "phantom_membrane", "471": "crossbow", "472": "spruce_sign", "473": "birch_sign", "474": "jungle_sign", "475": "acacia_sign", "476": "darkoak_sign", "498": "camera", "499": "compound", "500": "record_13", "501": "record_cat", "502": "record_blocks", "503": "record_chirp", "504": "record_far", "505": "record_mall", "506": "record_mellohi", "507": "record_stal", "508": "record_strad", "509": "record_ward", "510": "record_11", "511": "record_wait"}, "blocks": {"0": "air", "1": "stone", "2": "grass", "3": "dirt", "4": "cobblestone", "5": "planks", "6": "sapling", "7": "bedrock", "8": "flowing_water", "9": "water", "10": "flowing_lava", "11": "lava", "12": "sand", "13": "gravel", "14": "gold_ore", "15": "iron_ore", "16": "coal_ore", "17": "log", "18": "leaves", "19": "sponge", "20": "glass", "21": "lapis_ore", "22": "lapis_block", "23": "dispenser", "24": "sandstone", "25": "noteblock", "26": "bed", "27": "golden_rail", "28": "detector_rail", "29": "sticky_piston", "30": "web", "31": "tallgrass", "32": "deadbush", "33": "piston", "34": "pistonArmCollision", "35": "wool", "36": "element_0", "37": "yellow_flower", "38": "red_flower", "39": "brown_mushroom", "40": "red_mushroom", "41": "gold_block", "42": "iron_block", "43": "double_stone_slab", "44": "stone_slab", "45": "brick_block", "46": "tnt", "47": "bookshelf", "48": "mossy_cobblestone", "49": "obsidian", "50": "torch", "51": "fire", "52": "mob_spawner", "53": "oak_stairs", "54": "chest", "55": "redstone_wire", "56": "diamond_ore", "57": "diamond_block", "58": "crafting_table", "59": "wheat", "60": "farmland", "61": "furnace", "62": "lit_furnace", "63": "standing_sign", "64": "wooden_door", "65": "ladder", "66": "rail", "67": "stone_stairs", "68": "wall_sign", "69": "lever", "70": "stone_pressure_plate", "71": "iron_door", "72": "wooden_pressure_plate", "73": "redstone_ore", "74": "lit_redstone_ore", "75": "unlit_redstone_torch", "76": "redstone_torch", "77": "stone_button", "78": "snow_layer", "79": "ice", "80": "snow", "81": "cactus", "82": "clay", "83": "reeds", "84": "jukebox", "85": "fence", "86": "pumpkin", "87": "netherrack", "88": "soul_sand", "89": "glowstone", "90": "portal", "91": "lit_pumpkin", "92": "cake", "93": "unpowered_repeater", "94": "powered_repeater", "95": "invisibleBedrock", "96": "trapdoor", "97": "monster_egg", "98": "stonebrick", "99": "brown_mushroom_block", "100": "red_mushroom_block", "101": "iron_bars", "102": "glass_pane", "103": "melon_block", "104": "pumpkin_stem", "105": "melon_stem", "106": "vine", "107": "fence_gate", "108": "brick_stairs", "109": "stone_brick_stairs", "110": "mycelium", "111": "waterlily", "112": "nether_brick", "113": "nether_brick_fence", "114": "nether_brick_stairs", "115": "nether_wart", "116": "enchanting_table", "117": "brewing_stand", "118": "cauldron", "119": "end_portal", "120": "end_portal_frame", "121": "end_stone", "122": "dragon_egg", "123": "redstone_lamp", "124": "lit_redstone_lamp", "125": "dropper", "126": "activator_rail", "127": "cocoa", "128": "sandstone_stairs", "129": "emerald_ore", "130": "ender_chest", "131": "tripwire_hook", "132": "tripWire", "133": "emerald_block", "134": "spruce_stairs", "135": "birch_stairs", "136": "jungle_stairs", "137": "command_block", "138": "beacon", "139": "cobblestone_wall", "140": "flower_pot", "141": "carrots", "142": "potatoes", "143": "wooden_button", "144": "skull", "145": "anvil", "146": "trapped_chest", "147": "light_weighted_pressure_plate", "148": "heavy_weighted_pressure_plate", "149": "unpowered_comparator", "150": "powered_comparator", "151": "daylight_detector", "152": "redstone_block", "153": "quartz_ore", "154": "hopper", "155": "quartz_block", "156": "quartz_stairs", "157": "double_wooden_slab", "158": "wooden_slab", "159": "stained_hardened_clay", "160": "stained_glass_pane", "161": "leaves2", "162": "log2", "163": "acacia_stairs", "164": "dark_oak_stairs", "165": "slime", "167": "iron_trapdoor", "168": "prismarine", "169": "seaLantern", "170": "hay_block", "171": "carpet", "172": "hardened_clay", "173": "coal_block", "174": "packed_ice", "175": "double_plant", "176": "standing_banner", "177": "wall_banner", "178": "daylight_detector_inverted", "179": "red_sandstone", "180": "red_sandstone_stairs", "181": "double_stone_slab2", "182": "stone_slab2", "183": "spruce_fence_gate", "184": "birch_fence_gate", "185": "jungle_fence_gate", "186": "dark_oak_fence_gate", "187": "acacia_fence_gate", "188": "repeating_command_block", "189": "chain_command_block", "190": "hard_glass_pane", "191": "hard_stained_glass_pane", "192": "chemical_heat", "193": "spruce_door", "194": "birch_door", "195": "jungle_door", "196": "acacia_door", "197": "dark_oak_door", "198": "grass_path", "199": "frame", "200": "chorus_flower", "201": "purpur_block", "202": "colored_torch_rg", "203": "purpur_stairs", "204": "colored_torch_bp", "205": "undyed_shulker_box", "206": "end_bricks", "207": "frosted_ice", "208": "end_rod", "209": "end_gateway", "210": "allow", "211": "deny", "212": "border_block", "213": "magma", "214": "nether_wart_block", "215": "red_nether_brick", "216": "bone_block", "217": "structure_void", "218": "shulker_box", "219": "purple_glazed_terracotta", "220": "white_glazed_terracotta", "221": "orange_glazed_terracotta", "222": "magenta_glazed_terracotta", "223": "light_blue_glazed_terracotta", "224": "yellow_glazed_terracotta", "225": "lime_glazed_terracotta", "226": "pink_glazed_terracotta", "227": "gray_glazed_terracotta", "228": "silver_glazed_terracotta", "229": "cyan_glazed_terracotta", "230": "chalkboard", "231": "blue_glazed_terracotta", "232": "brown_glazed_terracotta", "233": "green_glazed_terracotta", "234": "red_glazed_terracotta", "235": "black_glazed_terracotta", "236": "concrete", "237": "concretePowder", "238": "chemistry_table", "239": "underwater_torch", "240": "chorus_plant", "241": "stained_glass", "242": "camera", "243": "podzol", "244": "beetroot", "245": "stonecutter", "246": "glowingobsidian", "247": "netherreactor", "248": "info_update", "249": "info_update2", "250": "movingBlock", "251": "observer", "252": "structure_block", "253": "hard_glass", "254": "hard_stained_glass", "255": "reserved6", "257": "prismarine_stairs", "258": "dark_prismarine_stairs", "259": "prismarine_bricks_stairs", "260": "stripped_spruce_log", "261": "stripped_birch_log", "262": "stripped_jungle_log", "263": "stripped_acacia_log", "264": "stripped_dark_oak_log", "265": "stripped_oak_log", "266": "blue_ice", "267": "element_1", "268": "element_2", "269": "element_3", "270": "element_4", "271": "element_5", "272": "element_6", "273": "element_7", "274": "element_8", "275": "element_9", "276": "element_10", "277": "element_11", "278": "element_12", "279": "element_13", "280": "element_14", "281": "element_15", "282": "element_16", "283": "element_17", "284": "element_18", "285": "element_19", "286": "element_20", "287": "element_21", "288": "element_22", "289": "element_23", "290": "element_24", "291": "element_25", "292": "element_26", "293": "element_27", "294": "element_28", "295": "element_29", "296": "element_30", "297": "element_31", "298": "element_32", "299": "element_33", "300": "element_34", "301": "element_35", "302": "element_36", "303": "element_37", "304": "element_38", "305": "element_39", "306": "element_40", "307": "element_41", "308": "element_42", "309": "element_43", "310": "element_44", "311": "element_45", "312": "element_46", "313": "element_47", "314": "element_48", "315": "element_49", "316": "element_50", "317": "element_51", "318": "element_52", "319": "element_53", "320": "element_54", "321": "element_55", "322": "element_56", "323": "element_57", "324": "element_58", "325": "element_59", "326": "element_60", "327": "element_61", "328": "element_62", "329": "element_63", "330": "element_64", "331": "element_65", "332": "element_66", "333": "element_67", "334": "element_68", "335": "element_69", "336": "element_70", "337": "element_71", "338": "element_72", "339": "element_73", "340": "element_74", "341": "element_75", "342": "element_76", "343": "element_77", "344": "element_78", "345": "element_79", "346": "element_80", "347": "element_81", "348": "element_82", "349": "element_83", "350": "element_84", "351": "element_85", "352": "element_86", "353": "element_87", "354": "element_88", "355": "element_89", "356": "element_90", "357": "element_91", "358": "element_92", "359": "element_93", "360": "element_94", "361": "element_95", "362": "element_96", "363": "element_97", "364": "element_98", "365": "element_99", "366": "element_100", "367": "element_101", "368": "element_102", "369": "element_103", "370": "element_104", "371": "element_105", "372": "element_106", "373": "element_107", "374": "element_108", "375": "element_109", "376": "element_110", "377": "element_111", "378": "element_112", "379": "element_113", "380": "element_114", "381": "element_115", "382": "element_116", "383": "element_117", "384": "element_118", "385": "seagrass", "386": "coral", "387": "coral_block", "388": "coral_fan", "389": "coral_fan_dead", "390": "coral_fan_hang", "391": "coral_fan_hang2", "392": "coral_fan_hang3", "393": "kelp", "394": "dried_kelp_block", "395": "acacia_button", "396": "birch_button", "397": "dark_oak_button", "398": "jungle_button", "399": "spruce_button", "400": "acacia_trapdoor", "401": "birch_trapdoor", "402": "dark_oak_trapdoor", "403": "jungle_trapdoor", "404": "spruce_trapdoor", "405": "acacia_pressure_plate", "406": "birch_pressure_plate", "407": "dark_oak_pressure_plate", "408": "jungle_pressure_plate", "409": "spruce_pressure_plate", "410": "carved_pumpkin", "411": "sea_pickle", "412": "conduit", "414": "turtle_egg", "415": "bubble_column", "416": "barrier", "417": "stone_slab3", "418": "bamboo", "419": "bamboo_sapling", "420": "scaffolding", "421": "stone_slab4", "422": "double_stone_slab3", "423": "double_stone_slab4", "424": "granite_stairs", "425": "diorite_stairs", "426": "andesite_stairs", "427": "polished_granite_stairs", "428": "polished_diorite_stairs", "429": "polished_andesite_stairs", "430": "mossy_stone_brick_stairs", "431": "smooth_red_sandstone_stairs", "432": "smooth_sandstone_stairs", "433": "end_brick_stairs", "434": "mossy_cobblestone_stairs", "435": "normal_stone_stairs", "436": "spruce_standing_sign", "437": "spruce_wall_sign", "438": "smooth_stone", "439": "red_nether_brick_stairs", "440": "smooth_quartz_stairs", "441": "birch_standing_sign", "442": "birch_wall_sign", "443": "jungle_standing_sign", "444": "jungle_wall_sign", "445": "acacia_standing_sign", "446": "acacia_wall_sign", "447": "darkoak_standing_sign", "448": "darkoak_wall_sign", "450": "grindstone", "451": "blast_furnace", "453": "smoker", "455": "cartography_table", "456": "fletching_table", "457": "smithing_table", "458": "barrel", "461": "bell", "463": "lantern"}, "mobs": {"10": "chicken", "11": "cow", "12": "pig", "13": "sheep", "14": "wolf", "15": "villager", "16": "mooshroom;mushroomcow", "17": "squid", "18": "rabbit", "19": "bat", "20": "iron_golem;irongolem", "21": "snow_golem;snowgolem", "22": "ocelot", "23": "horse", "24": "donkey", "25": "mule", "26": "skeleton_horse;skeletonhorse", "27": "zombie_horse;zombiehorse", "28": "polar_bear;polarbear", "29": "llama", "30": "parrot", "31": "dolphin", "32": "zombie", "33": "creeper", "34": "skeleton", "35": "spider", "36": "zombie_pigman;pig_zombie", "37": "slime", "38": "enderman", "39": "silverfish", "40": "cave_spider;cavespider", "41": "ghast", "42": "magma_cube;magmacube", "43": "blaze", "44": "zombie_villager;zombievillager", "45": "witch", "46": "stray;skeleton.stray", "47": "husk", "48": "wither_skeleton;skeleton.wither", "49": "guardian", "50": "elder_guardian;guardian.elder", "51": "npc", "52": "wither;wither.boss", "53": "ender_dragon;dragon", "54": "shulker", "55": "endermite", "56": "agent", "57": "vindicator", "58": "phantom", "61": "armor_stand;armorstand", "62": "tripod_camera;tripodcamera", "63": "player", "64": "item", "65": "tnt;primedtnt", "66": "falling_block;fallingblock", "67": "moving_block;movingblock", "68": "xp_bottle;potion.experience", "69": "xp_orb;xporb", "70": "eye_of_ender_signal;eyeofender", "71": "ender_crystal;endercrystal", "72": "fireworks_rocket", "73": "thrown_trident", "74": "turtle", "75": "cat", "76": "shulker_bullet;shulkerbullet", "77": "fishing_hook;fishinghook", "78": "chalkboard", "79": "dragon_fireball;fireball.dragon", "80": "arrow;arrow.skeleton", "81": "snowball", "82": "egg;thrownegg", "83": "painting", "84": "minecart", "85": "fireball;fireball.large", "86": "splash_potion;thrownpotion", "87": "ender_pearl;thrownenderpearl", "88": "leash_knot;leashknot", "89": "wither_skull;wither.skull", "90": "boat", "91": "wither_skull_dangerous;wither.skull.dangerous", "93": "lightning_bolt;lightningbolt", "94": "small_fireball;fireball.small", "95": "area_effect_cloud;areaeffectcloud", "96": "hopper_minecart;minecarthopper", "97": "tnt_minecart;minecarttnt", "98": "chest_minecart;minecartchest", "99": "MinecartFurnace", "100": "command_block_minecart;commandblockminecart", "101": "lingering_potion;lingeringpotion", "102": "llama_spit;llama.spit", "103": "evocation_fang;evocationfang", "104": "evocation_illager;evocationillager", "105": "vex", "106": "ice_bomb;thrownicebomb", "107": "balloon", "108": "pufferfish", "109": "salmon", "110": "drowned", "111": "tropicalfish", "112": "cod", "113": "panda", "114": "pillager"}}